Sub-County3/Sex1,Total,Working,Seeking Work/No Work Available,Persons outside the Labour Force2,Not Stated
KENYA,28451359,13873424,1283497,13289275,5163
Male,14034674,6625973,792679,6613473,2549
Female,14415969,7247112,490761,6675484,2612
Intersex,716,339,57,318,2
KWALE,621486,288030,32067,301241,148
Male,302543,132992,20550,148922,79
Female,318933,155033,11515,152316,69
KINANGO,72650,35445,1719,35470,16
Male,34727,15427,1122,18170,8
Female,37922,20018,597,17299,8
LUNGA LUNGA,164358,79782,7353,77213,10
Male,80111,36968,4323,38814,6
Female,84246,42813,3030,38399,4
MATUGA,157987,69633,10736,77578,40
Male,77607,33218,7120,37246,23
Female,80378,36415,3615,40331,17
MSAMBWENI,71762,33603,4872,33273,14
Male,36413,17166,3366,15872,9
Female,35349,16437,1506,17401,5
SAMBURU,154729,69567,7387,77707,68
Male,73685,30213,4619,38820,33
Female,81038,39350,2767,38886,35
KILIFI,902310,393185,41057,467928,140
Male,432334,173390,26031,232844,69
Female,469962,219789,15026,235077,70
CHONYI,53618,24009,1298,28311,-
Male,25089,9781,835,14473,-
Female,28528,14228,463,13837,-
GANZE,120081,51179,3989,64877,36
Male,55059,19869,2441,32735,14
Female,65019,31309,1548,32140,22
KALOLENI,134603,59543,5753,69255,52
Male,63449,25285,3810,34331,23
Female,71149,34257,1943,34921,28
KAUMA,19582,7548,1286,10748,-
Male,9464,3183,809,5472,-
Female,10118,4365,477,5276,-
KILIFI NORTH,89199,41329,3267,44603,-
Male,43330,18806,2205,22319,-
Female,45868,22523,1062,22283,-
KILIFI SOUTH,88348,37173,5513,45658,4
Male,43693,18165,3659,21867,2
Female,44655,19008,1854,23791,2
MAGARINI,146592,64036,4733,77818,5
Male,70832,28593,3206,39029,4
Female,75760,35443,1527,38789,1
MALINDI,156098,68764,8325,78972,37
Male,76029,31695,4776,39535,23
Female,80065,37065,3549,39437,14
RABAI,94189,39604,6893,47686,6
Male,45389,18013,4290,23083,3
Female,48800,21591,2603,24603,3
TANA RIVER,197612,99002,14851,83663,96
Male,98583,49075,9002,40462,44
Female,99028,49927,5848,43201,52
TANA DELTA,83462,41466,4800,37164,32
Male,41868,20944,2942,17971,11
Female,41594,20522,1858,19193,21
TANA NORTH,58831,29604,6566,22639,22
Male,29657,14608,3829,11206,14
Female,29173,14996,2736,11433,8
TANA RIVER,55319,27932,3485,23860,42
Male,27058,13523,2231,11285,19
Female,28261,14409,1254,12575,23
LAMU,90801,47441,3914,39419,27
Male,48862,26906,2833,19109,14
Female,41937,20535,1081,20308,13
LAMU EAST,16905,7758,975,8172,-
Male,8887,4716,693,3478,-
Female,8018,3042,282,4694,-
LAMU WEST,73896,39683,2939,31247,27
Male,39975,22190,2140,15631,14
Female,33919,17493,799,15614,13
TAITA/TAVETA,217801,123034,8714,86000,53
Male,111529,62838,6265,42402,24
Female,106270,60195,2449,43597,29
MWATATE,64231,36168,2438,25619,6
Male,32881,18519,1822,12536,4
Female,31348,17648,616,13082,2
TAITA,46393,27153,1622,17616,2
Male,23495,13597,1164,8734,-
Female,22898,13556,458,8882,2
TAVETA,59842,33739,2010,24072,21
Male,31360,18118,1334,11900,8
Female,28482,15621,676,12172,13
VOI,47335,25974,2644,18693,24
Male,23793,12604,1945,9232,12
Female,23542,13370,699,9461,12
GARISSA,545401,225021,121777,198510,93
Male,305068,126756,72853,105397,62
Female,240310,98256,48919,93104,31
BALAMBALA,29652,13638,7134,8880,-
Male,18691,8407,5033,5251,-
Female,10960,5231,2100,3629,-
DADAAB,150636,46682,45512,58390,52
Male,80458,25703,25419,29298,38
Female,70172,20978,20091,29089,14
FAFI,109508,31941,31236,46308,23
Male,59473,18099,18276,23084,14
Female,50027,13839,12959,23220,9
GARISSA,26310,11468,3869,10962,11
Male,14619,6276,2588,5749,6
Female,11691,5192,1281,5213,5
HULUGHO,115667,65864,14981,34815,7
Male,68479,37955,9809,20711,4
Female,47184,27906,5172,14103,3
IJARA,74595,33440,13158,27997,-
Male,43510,19056,8329,16125,-
Female,31082,14383,4828,11871,-
LAGDERA,39033,21988,5887,11158,-
Male,19838,11260,3399,5179,-
Female,19194,10727,2488,5979,-
WAJIR,501258,260518,74706,166002,32
Male,268735,137566,45115,86037,17
Female,232499,122945,29584,79955,15
BUNA,40518,19410,7378,13730,-
Male,22155,10610,4663,6882,-
Female,18361,8799,2714,6848,-
ELDAS,64663,30359,11331,22973,-
Male,32990,15255,6389,11346,-
Female,31668,15103,4940,11625,-
HABASWEIN,119816,70719,11105,37973,19
Male,65401,37378,7176,20837,10
Female,54415,33341,3929,17136,9
TARBAJ,42741,20336,7292,15113,-
Male,20628,9755,3925,6948,-
Female,22108,10581,3365,8162,-
WAJIR EAST,16954,8582,2541,5831,-
Male,9371,4625,1558,3188,-
Female,7583,3957,983,2643,-
WAJIR NORTH,39256,20356,6035,12865,-
Male,20604,10515,3668,6421,-
Female,18647,9839,2366,6442,-
WAJIR SOUTH,99289,50060,18246,30970,13
Male,55566,27827,10974,16758,7
Female,43721,22232,7272,14211,6
WAJIR WEST,78021,40696,10778,26547,-
Male,42020,21601,6762,13657,-
Female,35996,19093,4015,12888,-
MANDERA,479727,246879,56916,175845,87
Male,245563,124804,34698,86014,47
Female,234145,122064,22214,89827,40
MANDERA WEST,60210,29563,5363,25280,4
Male,29793,14211,3433,12147,2
Female,30415,15350,1930,13133,2
BANISA,109418,62594,11811,35012,1
Male,57323,32201,7213,17909,-
Female,52089,30391,4596,17101,1
KOTULO,57580,32033,4133,21414,-
Male,29230,15695,2791,10744,-
Female,28348,16337,1342,10669,-
LAFEY,48922,27505,6884,14532,1
Male,24395,13468,3938,6988,1
Female,24524,14036,2945,7543,-
MANDERA CENTRAL,77769,30486,11371,35831,81
Male,36222,13960,6419,15799,44
Female,41545,16524,4952,20032,37
MANDERA EAST,36200,17443,5143,13614,-
Male,19187,9029,3185,6973,-
Female,17013,8414,1958,6641,-
MANDERA NORTH,89628,47255,12211,30162,-
Male,49413,26240,7719,15454,-
Female,40211,21012,4491,14708,-
MARSABIT,288777,156341,31509,100739,188
Male,153767,85021,19984,48666,96
Female,134995,71315,11521,52067,92
LOIYANGALANI,24488,15274,1913,7301,-
Male,12045,7723,981,3341,-
Female,12441,7551,931,3959,-
MARSABIT CENTRAL,36048,12468,4832,18748,-
Male,18657,6664,3112,8881,-
Female,17382,5800,1718,9864,-
MARSABIT NORTH,42556,28379,2598,11579,-
Male,23210,15985,1686,5539,-
Female,19345,12394,912,6039,-
MARSABIT SOUTH,50723,34086,2845,13782,10
Male,25671,17651,1663,6352,5
Female,25052,16435,1182,7430,5
MOYALE,49554,14277,9123,26145,9
Male,26196,7541,5769,12880,6
Female,23357,6735,3354,13265,3
NORTH HORR,54255,38953,5442,9697,163
Male,31444,22672,3806,4884,82
Female,22809,16281,1635,4812,81
SOLOLO,31153,12904,4756,13487,6
Male,16544,6785,2967,6789,3
Female,14609,6119,1789,6698,3
ISIOLO,119570,65400,11255,42904,11
Male,64926,35977,7724,21218,7
Female,54641,29421,3530,21686,4
GARBATULLA,54840,26737,7392,20703,8
Male,31250,15489,5283,10474,4
Female,23589,11248,2108,10229,4
ISIOLO,35229,21602,1720,11904,3
Male,18115,11309,988,5815,3
Female,17114,10293,732,6089,-
MERTI,29501,17061,2143,10297,-
Male,15561,9179,1453,4929,-
Female,13938,7880,690,5368,-
MERU,1247197,637412,65502,543935,348
Male,618786,317220,41592,259792,182
Female,628377,320176,23909,284126,166
BUURI EAST,65714,38432,2700,24548,34
Male,32826,19067,1766,11974,19
Female,32888,19365,934,12574,15
BUURI WEST,62912,36590,2625,23690,7
Male,31673,18740,1606,11324,3
Female,31237,17849,1019,12365,4
IGEMBE CENTRAL,191304,83500,15203,92560,41
Male,95375,42195,9654,43505,21
Female,95925,41303,5549,49053,20
IGEMBE NORTH,142329,58919,10996,72367,47
Male,69872,28902,6938,34006,26
Female,72453,30017,4057,38358,21
IGEMBE SOUTH,122519,57102,9106,56260,51
Male,61121,29454,5719,25920,28
Female,61390,27644,3387,30336,23
IMENTI NORTH,87353,50383,4194,32749,27
Male,43672,25269,2736,15650,17
Female,43680,25113,1458,17099,10
IMENTI SOUTH,174614,104092,5340,65165,17
Male,87605,52415,3373,31809,8
Female,87004,51675,1967,33353,9
MERU CENTRAL,120380,72241,3270,44814,55
Male,60118,36038,2118,21935,27
Female,60259,36200,1152,22879,28
TIGANIA CENTRAL,90795,45044,3238,42510,3
Male,44791,22130,2198,20461,2
Female,46004,22914,1040,22049,1
TIGANIA EAST,63971,28690,3324,31905,52
Male,30997,13830,1979,15162,26
Female,32971,14859,1345,16741,26
TIGANIA WEST,124581,61837,5444,57286,14
Male,60129,28654,3453,28017,5
Female,64448,33181,1991,29267,9
MERU NATIONAL PARK,285,211,4,70,-
Male,215,193,-,22,-
Female,70,18,4,48,-
MT. KENYA FOREST,440,371,58,11,-
Male,392,333,52,7,-
Female,48,38,6,4,-
THARAKA-NITHI,322564,175325,11681,135498,60
Male,158625,84135,7435,67022,33
Female,163933,91186,4246,68474,27
IGAMBANG'OMBE,46981,25557,1284,20125,15
Male,23183,12234,879,10061,9
Female,23797,13322,405,10064,6
MAARA,97275,57509,3537,36216,13
Male,48916,28705,2276,17929,6
Female,48359,28804,1261,18287,7
MERU SOUTH,62098,35396,2548,24143,11
Male,30730,17073,1760,11891,6
Female,31367,18323,788,12251,5
THARAKA NORTH,51464,25273,1745,24430,16
Male,24878,11808,1003,12058,9
Female,26584,13464,742,12371,7
THARAKA SOUTH,64592,31510,2565,30512,5
Male,30848,14255,1517,15073,3
Female,33742,17253,1048,15439,2
MOUNT KENYA FOREST,154,80,2,72,-
Male,70,60,-,10,-
Female,84,20,2,62,-
EMBU,478273,280186,15683,182365,39
Male,239399,139320,10825,89237,17
Female,238864,140859,4858,93125,22
EMBU EAST,112775,68439,4274,40059,3
Male,56215,33754,2900,19560,1
Female,56559,34684,1374,20499,2
EMBU NORTH,71785,43464,2662,25655,4
Male,35702,21316,1715,12670,1
Female,36080,22145,947,12985,3
EMBU WEST,56669,34473,1873,20323,-
Male,28562,17452,1292,9818,-
Female,28107,17021,581,10505,-
MBEERE SOUTH,144926,84019,4154,56726,27
Male,73769,43022,2914,27819,14
Female,71152,40994,1240,28905,13
MBEERE NORTH,92097,49772,2720,39600,5
Male,45133,23758,2004,19370,1
Female,46963,26014,716,20229,4
MOUNT KENYA FOREST,21,19,-,2,-
KITUI,958995,462783,27756,468311,145
Male,460489,206999,17667,235766,57
Female,498481,255772,10087,232534,88
IKUTHA,73789,32474,1925,39387,3
Male,35397,14178,1253,19964,2
Female,38392,18296,672,19423,1
KATULANI,42501,22991,1254,18256,-
Male,20855,10641,873,9341,-
Female,21645,12349,381,8915,-
KISASI,41232,21802,765,18658,7
Male,20130,10007,562,9560,1
Female,21102,11795,203,9098,6
KITUI CENTRAL,68804,35438,2882,30476,8
Male,33750,16641,1767,15338,4
Female,35051,18795,1114,15138,4
KITUI WEST,60991,31454,1775,27762,-
Male,29120,13835,1259,14026,-
Female,31870,17619,516,13735,-
KYUSO,65507,30594,1470,33434,9
Male,31159,13476,909,16772,2
Female,34347,17118,561,16661,7
LOWER YATTA,56643,27676,2022,26939,6
Male,28271,13284,1301,13685,1
Female,28372,14392,721,13254,5
MATINYANI,42736,22967,1224,18545,-
Male,20853,10562,827,9464,-
Female,21882,12404,397,9081,-
MIGWANI,69465,35804,1416,32222,23
Male,32648,15586,863,16187,12
Female,36814,20217,553,16033,11
MUMONI,25778,11542,644,13591,1
Male,11945,4916,426,6602,1
Female,13833,6626,218,6989,-
MUTITU,48615,21355,1195,26019,46
Male,22953,9266,745,12923,19
Female,25660,12089,450,13094,27
MUTITU NORTH,18901,9290,472,9134,5
Male,9150,4219,262,4666,3
Female,9750,5071,210,4467,2
MUTOMO,98636,45416,2621,50593,6
Male,47272,20227,1637,25404,4
Female,51359,25187,983,25187,2
MWINGI CENTRAL,80882,37699,2364,40805,14
Male,38735,16580,1535,20616,4
Female,42147,21119,829,20189,10
MWINGI EAST,74692,33083,2489,39103,17
Male,35082,14068,1468,19542,4
Female,39606,19012,1021,19560,13
NZAMBANI,41618,20793,1939,18886,-
Male,20297,9532,1262,9503,-
Female,21319,11259,677,9383,-
THAGICU,13260,6230,311,6719,-
Male,6214,2713,168,3333,-
Female,7045,3517,143,3385,-
TSEIKURU,34945,16175,988,17782,-
Male,16658,7268,550,8840,-
Female,18287,8907,438,8942,-
MACHAKOS,907268,487598,41410,378190,70
Male,453262,233209,29679,190335,39
Female,453984,254376,11730,187847,31
ATHI RIVER,39652,20355,3360,15932,5
Male,21739,12074,2004,7657,4
Female,17913,8281,1356,8275,1
KALAMA,49428,25997,2720,20710,1
Male,24196,11956,1965,10274,1
Female,25227,14039,754,10434,-
KANGUNDO,79591,45888,2944,30757,2
Male,39487,21526,2255,15705,1
Female,40103,24361,689,15052,1
KATHIANI,97153,52398,3851,40889,15
Male,47507,24059,2793,20648,7
Female,49642,28337,1058,20239,8
MACHAKOS,96529,54695,5784,36040,10
Male,49107,27127,4190,17783,7
Female,47419,27567,1594,18255,3
MASINGA,131036,66545,5302,59173,16
Male,64670,30748,3898,30015,9
Female,66364,35796,1404,29157,7
MATUNGULU,116131,61984,6032,48111,4
Male,58640,30389,4357,23894,-
Female,57488,31593,1675,24216,4
MWALA,157713,86455,6277,64970,11
Male,78421,40410,4522,33481,8
Female,79289,46042,1755,31489,3
YATTA,140035,73281,5140,61608,6
Male,69495,34920,3695,30878,2
Female,70539,38360,1445,30730,4
MAKUENI,818098,422691,26346,368912,149
Male,402883,198142,18318,186359,64
Female,415197,224541,8028,182543,85
KATHONZWENI,70347,36233,1696,32413,5
Male,34626,16800,1294,16530,2
Female,35718,19431,402,15882,3
KIBWEZI,163387,76031,7492,79845,19
Male,80708,35648,4894,40157,9
Female,82675,40382,2598,39685,10
KILUNGU,52827,26802,1551,24459,15
Male,24948,11824,1077,12040,7
Female,27878,14977,474,12419,8
MAKINDU,58719,27691,2966,28034,28
Male,28839,12741,2046,14041,11
Female,29880,14950,920,13993,17
MAKUENI,99814,55918,2481,41411,4
Male,49804,27025,1747,21031,1
Female,50008,28893,734,20378,3
MBOONI EAST,88212,48048,2062,38099,3
Male,43242,22170,1429,19642,1
Female,44967,25876,633,18456,2
MBOONI WEST,89349,47068,2215,40058,8
Male,42869,20995,1631,20240,3
Female,46479,26072,584,19818,5
MUKAA,91505,50309,3278,37886,32
Male,46307,24889,2418,18988,12
Female,45198,25420,860,18898,20
NZAUI,103938,54591,2605,46707,35
Male,51540,26050,1782,23690,18
Female,52394,28540,823,23014,17
NYANDARUA,508675,285964,7630,215020,61
Male,250615,137169,5033,108385,28
Female,258046,148787,2597,106630,32
KINANGOP,95310,52336,1923,41036,15
Male,46635,25072,1253,20302,8
Female,48671,27261,670,20733,7
NYANDARUA SOUTH,74822,41619,1075,32124,4
Male,36877,19940,681,16254,2
Female,37944,21678,394,15870,2
MIRANGINE,59612,33364,988,25254,6
Male,29594,16313,662,12617,2
Female,30017,17051,326,12636,4
KIPIPIRI,82485,45944,927,35600,14
Male,40453,21956,630,17861,6
Female,42030,23986,297,17739,8
NYANDARUA CENTRAL,54937,31275,873,22782,7
Male,27220,15024,581,11611,4
Female,27716,16251,292,11170,3
NYANDARUA WEST,63173,36342,769,26058,4
Male,31410,17464,523,13422,1
Female,31759,18876,246,12634,3
NYANDARUA NORTH,78322,45072,1074,32165,11
Male,38416,21390,703,16318,5
Female,39905,23682,371,15847,5
ABERDARE NAT. PARK,14,12,1,1,-
Male,10,10,-,-,-
Female,4,2,1,1,-
NYERI,549782,330883,16762,202107,30
Male,271147,158763,11099,101269,16
Female,278611,172103,5661,100833,14
TETU,72884,44730,2106,26046,2
Male,35534,21049,1496,12988,1
Female,37348,23679,610,13058,1
KIENI EAST,79313,47704,2239,29365,5
Male,40035,24048,1417,14566,4
Female,39274,23655,820,14798,1
KIENI WEST,71889,42393,1914,27578,4
Male,35669,20520,1229,13918,2
Female,36215,21868,685,13660,2
MATHIRA EAST,68951,41825,2104,25019,3
Male,33639,20019,1269,12350,1
Female,35310,21804,835,12669,2
MATHIRA WEST,54372,33152,1944,19269,7
Male,26669,15648,1322,9696,3
Female,27700,17501,622,9573,4
NYERI SOUTH,76584,46707,1813,28062,2
Male,37103,21916,1229,13957,1
Female,39480,24791,584,14104,1
MUKURWE-INI,74962,45740,1705,27512,5
Male,37004,21650,1197,14154,3
Female,37952,24086,508,13356,2
NYERI CENTRAL,50557,28424,2931,19200,2
Male,25312,13755,1938,9618,1
Female,25244,14669,993,9581,1
MT. KENYA FOREST,174,129,2,43,-
Male,115,95,1,19,-
Female,59,34,1,24,-
ABERDARE FOREST,96,79,4,13,-
Male,67,63,1,3,-
Female,29,16,3,10,-
KIRINYAGA,429388,267143,11896,150316,33
Male,214251,132338,7702,74192,19
Female,215121,134794,4194,76119,14
KIRINYAGA CENTRAL,81031,51196,1912,27920,3
Male,39989,24883,1247,13857,2
Female,41038,26310,665,14062,1
KIRINYAGA EAST,119924,76894,3133,39877,20
Male,59423,37695,2066,19650,12
Female,60493,39193,1067,20225,8
KIRINYAGA WEST,83890,52674,1370,29843,3
Male,41445,25662,923,14858,2
Female,42443,27011,447,14984,1
MWEA EAST,80014,48530,2762,28717,5
Male,40882,25109,1767,14003,3
Female,39131,23421,995,14713,2
MWEA WEST,64497,37824,2714,23957,2
Male,32488,18966,1698,11824,-
Female,32008,18857,1016,12133,2
MT. KENYA FOREST,32,25,5,2,-
Male,24,23,1,-,-
Female,8,2,4,2,-
MURANG'A,840116,492669,27670,319648,129
Male,417413,239005,19272,159072,64
Female,422676,253649,8397,160565,65
MURANG'A EAST,59911,35388,2372,22145,6
Male,29960,17126,1719,11113,2
Female,29950,18262,653,11031,4
KANGEMA,66822,41549,1534,23739,-
Male,32812,19769,1064,11979,-
Female,34007,21778,470,11759,-
MATHIOYA,80202,48576,2059,29553,14
Male,39253,23049,1414,14784,6
Female,40948,25526,645,14769,8
KAHURO,79917,49122,1608,29179,8
Male,39127,23235,1112,14775,5
Female,40785,25885,496,14401,3
MURANG'A SOUTH,122909,69071,4693,49123,22
Male,61683,33658,3369,24645,11
Female,61222,35411,1324,24476,11
GATANGA,165101,93108,7312,64653,28
Male,82893,46622,4805,31452,14
Female,82205,46484,2507,33200,14
KIGUMO,119015,70730,2930,45330,25
Male,59067,34301,2098,22655,13
Female,59945,36428,831,22674,12
KANDARA,146198,85093,5162,55917,26
Male,72588,41217,3691,27667,13
Female,73603,43871,1471,28248,13
ABERDARE FOREST,41,32,-,9,-
Male,30,28,-,2,-
Female,11,4,-,7,-
KIAMBU,634583,353038,34523,246914,108
Male,316814,176811,22580,117371,52
Female,317745,176213,11940,129536,56
GATUNDU NORTH,96678,53942,5211,37507,18
Male,47582,26226,3457,17892,7
Female,49094,27714,1754,19615,11
GATUNDU SOUTH,102727,59322,4975,38392,38
Male,50933,28821,3377,18718,17
Female,51790,30499,1598,19672,21
GITHUNGURI,129675,73543,6657,49464,11
Male,64572,36779,4429,23358,6
Female,65095,36760,2227,26103,5
JUJA,22749,11626,1590,9528,5
Male,11505,6381,930,4191,3
Female,11243,5244,660,5337,2
KABETE,-,-,-,-,-
Male,-,-,-,-,-
Female,-,-,-,-,-
KIAMBAA,3633,2008,152,1471,2
Male,1969,1181,73,713,2
Female,1664,827,79,758,-
KIAMBU,14296,7597,1143,5549,7
Male,7260,4086,655,2517,2
Female,7033,3509,488,3031,5
KIKUYU,55064,29382,4107,21575,-
Male,27633,14774,2778,10081,-
Female,27430,14607,1329,11494,-
LARI,113781,64679,4232,44863,7
Male,56525,31860,2797,21866,2
Female,57255,32819,1435,22996,5
LIMURU,64480,34915,3740,25816,9
Male,32723,18006,2469,12243,5
Female,31757,16909,1271,13573,4
RUIRU,-,-,-,-,-
Male,-,-,-,-,-
Female,-,-,-,-,-
THIKA EAST,29174,14747,2568,11848,11
Male,14904,7972,1532,5392,8
Female,14266,6773,1034,6456,3
THIKA WEST,2326,1277,148,901,-
Male,1208,725,83,400,-
Female,1118,552,65,501,-
TURKANA,671690,302870,119224,248960,636
Male,348676,158843,64531,124980,322
Female,322996,144021,54685,123976,314
KIBISH,30925,21123,3453,6349,-
Male,15710,10641,1868,3201,-
Female,15214,10482,1585,3147,-
LOIMA,90698,45337,14145,31108,108
Male,45687,22817,7744,15070,56
Female,45011,22520,6401,16038,52
TURKANA CENTRAL,83228,39856,11414,31947,11
Male,41742,20113,6260,15363,6
Female,41486,19743,5154,16584,5
TURKANA EAST,123590,64674,22053,36715,148
Male,69204,36634,12948,19538,84
Female,54374,28037,9098,17175,64
TURKANA NORTH,54475,29172,7611,17688,4
Male,27300,14769,3825,8704,2
Female,27175,14403,3786,8984,2
TURKANA SOUTH,112506,49922,20696,41808,80
Male,57489,26038,11317,20094,40
Female,55014,23882,9379,21713,40
TURKANA WEST,176268,52786,39852,83345,285
Male,91544,27831,20569,43010,134
Female,84722,24954,19282,40335,151
WEST POKOT,478369,230760,16822,230692,95
Male,235507,109946,9330,116188,43
Female,242851,120810,7492,114497,52
KIPKOMO,81103,32462,1969,46672,-
Male,40082,15362,1162,23558,-
Female,41015,17098,807,23110,-
POKOT CENTRAL,96554,47409,3345,45784,16
Male,48335,23146,1953,23230,6
Female,48218,24262,1392,22554,10
POKOT NORTH,106842,67800,5195,33794,53
Male,51183,31801,2627,16733,22
Female,55657,35998,2568,17060,31
POKOT SOUTH,66296,25804,1097,39395,-
Male,32516,12034,675,19807,-
Female,33778,13770,422,19586,-
WEST POKOT,127574,57285,5216,65047,26
Male,63391,27603,2913,32860,15
Female,64183,29682,2303,32187,11
SAMBURU,217885,129684,9969,78207,25
Male,110117,64152,5488,40467,10
Female,107764,65530,4481,37738,15
SAMBURU CENTRAL,109516,59257,4505,45736,18
Male,55829,29253,2473,24096,7
Female,53685,30002,2032,21640,11
SAMBURU EAST,56501,35992,3035,17473,1
Male,27326,17114,1583,8629,-
Female,29175,18878,1452,8844,1
SAMBURU NORTH,51868,34435,2429,14998,6
Male,26962,17785,1432,7742,3
Female,24904,16650,997,7254,3
TRANS NZOIA,703122,296459,27354,379269,40
Male,345971,141638,16577,187738,18
Female,357134,154815,10776,191521,22
TRANS NZOIA WEST,107547,45636,3769,58129,13
Male,53103,21775,2307,29016,5
Female,54442,23861,1461,29112,8
TRANS NZOIA EAST,199879,85526,7189,107153,11
Male,98290,40894,4363,53029,4
Female,101582,44630,2826,54119,7
KWANZA,139528,57290,6337,75894,7
Male,68456,27120,3715,37617,4
Female,71069,30168,2622,38276,3
ENDEBESS,95631,41129,3360,51140,2
Male,47979,20536,1997,25445,1
Female,47649,20592,1363,25693,1
KIMININI,160537,66878,6699,86953,7
Male,78143,31313,4195,42631,4
Female,82392,35564,2504,44321,3
UASIN GISHU,573675,261161,23250,289196,68
Male,286563,127431,14753,144346,33
Female,287104,133725,8497,144847,35
AINABKOI,69935,32689,2802,34441,3
Male,34989,16059,1812,17117,1
Female,34946,16630,990,17324,2
KAPSERET,39206,18204,1860,19127,15
Male,19596,8954,1172,9465,5
Female,19610,9250,688,9662,10
KESSES,112212,51308,4413,56482,9
Male,56073,24853,2870,28345,5
Female,56136,26453,1543,28136,4
MOIBEN,93923,43905,3262,46753,3
Male,47106,21664,2096,23345,1
Female,46816,22240,1166,23408,2
SOY,151678,66574,5930,79147,27
Male,75115,31702,3744,39652,17
Female,76561,34871,2186,39494,10
TURBO,106721,48481,4983,53246,11
Male,53684,24199,3059,26422,4
Female,53035,24281,1924,26823,7
ELGEYO/MARAKWET,374788,165035,13742,195957,54
Male,187532,81253,9188,97067,24
Female,187248,83778,4554,98886,30
KEIYO NORTH,75105,33642,3360,38088,15
Male,37681,16680,2258,18737,6
Female,37423,16962,1102,19350,9
KEIYO SOUTH,105955,49312,3293,53332,18
Male,53433,24419,2242,26764,8
Female,52519,24891,1051,26567,10
MARAKWET EAST,82462,32787,3621,46053,1
Male,40560,15833,2225,22501,1
Female,41900,16953,1396,23551,-
MARAKWET WEST,111266,49294,3468,58484,20
Male,55858,24321,2463,29065,9
Female,55406,24972,1005,29418,11
NANDI,726576,342199,21514,362783,80
Male,361490,166322,13333,181789,46
Female,365068,175864,8181,180989,34
CHESUMEI,123212,57667,5167,60374,4
Male,60830,27491,3329,30007,3
Female,62379,30174,1838,30366,1
NANDI CENTRAL,108546,51014,3655,53877,-
Male,53556,24462,2191,26903,-
Female,54986,26549,1464,26973,-
NANDI EAST,97711,45854,3474,48342,41
Male,49157,23241,2025,23870,21
Female,48551,22610,1449,24472,20
NANDI NORTH,144637,66465,3756,74402,14
Male,71676,31709,2501,37457,9
Female,72958,34755,1255,36943,5
NANDI SOUTH,151611,73122,3461,75020,8
Male,75037,35286,2118,37629,4
Female,76571,37833,1343,37391,4
TINDERET,100859,48077,2001,50768,13
Male,51234,24133,1169,25923,9
Female,49623,23943,832,24844,4
BARINGO,504271,244934,23029,236269,39
Male,254645,120953,13984,119691,17
Female,249616,123978,9044,116572,22
BARINGO CENTRAL,64972,28948,3043,32980,1
Male,32303,14019,1922,16362,-
Female,32669,14929,1121,16618,1
BARINGO NORTH,89478,39693,3411,46371,3
Male,44506,18960,2100,23445,1
Female,44970,20732,1310,22926,2
EAST POKOT,67191,40139,4075,22972,5
Male,33897,19900,2260,11735,2
Female,33292,20239,1815,11235,3
KOIBATEK,84273,41270,2218,40781,4
Male,42624,20709,1400,20513,2
Female,41647,20561,818,20266,2
MARIGAT,66750,26892,2540,37308,10
Male,33477,12844,1582,19045,6
Female,33270,14046,958,18262,4
MOGOTIO,70336,30694,2710,36931,1
Male,35642,15120,1801,18720,1
Female,34693,15574,909,18210,-
TIATY EAST,61271,37298,5032,18926,15
Male,32196,19401,2919,9871,5
Female,29075,17897,2113,9055,10
LAIKIPIA,339798,183394,13184,143195,25
Male,170128,90019,8195,71906,8
Female,169663,93373,4988,71285,17
LAIKIPIA CENTRAL,61386,35291,1723,24361,11
Male,31252,17580,1180,12490,2
Female,30134,17711,543,11871,9
LAIKIPIA EAST,54171,28696,3275,22200,-
Male,27154,14383,1915,10856,-
Female,27014,14312,1360,11342,-
LAIKIPIA NORTH,29383,16029,1401,11952,1
Male,14627,7767,801,6059,-
Female,14755,8261,600,5893,1
LAIKIPIA WEST,97764,52890,3800,41063,11
Male,49120,26114,2378,20622,6
Female,48642,26776,1421,20440,5
NYAHURURU,97094,50488,2985,43619,2
Male,47975,24175,1921,21879,-
Female,49118,26313,1064,21739,2
NAKURU,968762,480262,29168,459182,150
Male,485569,235683,18800,231010,76
Female,483169,244570,10367,228158,74
GILGIL,96019,49708,2677,43623,11
Male,47797,24192,1759,21841,5
Female,48218,25515,917,21780,6
KURESOI NORTH,141429,68572,2883,69961,13
Male,70628,33244,1809,35569,6
Female,70798,35327,1074,34390,7
KURESOI SOUTH,125815,59731,1940,64141,3
Male,63280,29161,1259,32859,1
Female,62533,30569,681,31281,2
MOLO,73333,37095,1593,34644,1
Male,36855,18310,1054,17491,-
Female,36476,18785,539,17151,1
NAIVASHA,116737,59143,5497,52076,21
Male,59948,30616,3524,25797,11
Female,56787,28525,1973,26279,10
NAKURU EAST,-,-,-,-,-
Male,-,-,-,-,-
Female,-,-,-,-,-
NAKURU NORTH,58661,30231,2346,26040,44
Male,29067,14854,1470,12716,27
Female,29589,15375,876,13321,17
NAKURU WEST,-,-,-,-,-
Male,-,-,-,-,-
Female,-,-,-,-,-
NJORO,153084,75298,4183,73585,18
Male,76060,35999,2714,37339,8
Female,77022,39297,1469,36246,10
RONGAI,139434,66628,6772,66015,19
Male,70170,33255,4321,32586,8
Female,69261,33373,2451,33426,11
SUBUKIA,64250,33856,1277,29097,20
Male,31764,16052,890,14812,10
Female,32485,17804,387,14284,10
NAROK,877207,422305,18025,436727,150
Male,437317,205384,10823,221021,89
Female,439872,216907,7201,215703,61
NAROK EAST,89593,44216,2258,43113,6
Male,45823,22617,1337,21865,4
Female,43763,21592,921,21248,2
NAROK NORTH,155507,77719,3491,74264,33
Male,79604,40291,2251,37040,22
Female,75898,37424,1240,37223,11
NAROK SOUTH,189833,98064,2766,88980,23
Male,94196,47124,1791,45270,11
Female,95636,50939,975,43710,12
NAROK WEST,156729,74175,5400,77120,34
Male,76513,33958,2838,39695,22
Female,80214,40217,2561,37424,12
TRANS MARA EAST,95013,41127,1069,52799,18
Male,46374,18658,702,27003,11
Female,48638,22469,367,25795,7
TRANS MARA WEST,190500,86974,3041,100449,36
Male,94779,42708,1904,50148,19
Female,95719,44264,1137,50301,17
MAU FOREST,32,30,-,2,-
Male,28,28,-,-,-
Female,4,2,-,2,-
KAJIADO,411653,193486,22331,195746,90
Male,207455,97543,12587,97285,40
Female,204186,95940,9744,98452,50
ISINYA,32564,16080,3045,13413,26
Male,17873,9762,1722,6377,12
Female,14690,6318,1323,7035,14
KAJIADO CENTRAL,92607,41302,3274,48019,12
Male,46428,20158,1991,24277,2
Female,46176,21143,1283,23740,10
KAJIADO NORTH,91,61,3,27,-
Male,51,37,3,11,-
Female,40,24,-,16,-
KAJIADO WEST,111900,53069,6527,52269,35
Male,55828,26020,3675,26119,14
Female,56069,27049,2852,26147,21
LOITOKITOK,132057,62551,7353,62138,15
Male,65183,30740,3829,30603,11
Female,66870,31809,3524,31533,4
MASHUURU,42434,20423,2129,19880,2
Male,22092,10826,1367,9898,1
Female,20341,9597,762,9981,1
KERICHO,708412,350181,17006,341050,175
Male,352306,169699,10670,171855,82
Female,356086,180472,6336,169185,93
BELGUT,127488,64327,3951,59197,13
Male,63590,32058,2368,29157,7
Female,63898,32269,1583,30040,6
BURETI,161545,79663,3142,78727,13
Male,79843,38486,2012,39339,6
Female,81697,41174,1130,39386,7
KERICHO EAST,96348,48302,2540,45468,38
Male,48104,23468,1671,22948,17
Female,48241,24831,869,22520,21
KIPKELION,103821,51812,1819,50128,62
Male,51700,24832,1164,25672,32
Female,52118,26978,655,24455,30
LONDIANI,112799,54667,3034,55067,31
Male,56009,26138,1925,27933,13
Female,56782,28527,1109,27128,18
SOIN SIGOWET,106411,51410,2520,52463,18
Male,53060,24717,1530,26806,7
Female,53350,26693,990,25656,11
BOMET,739421,349993,14927,374434,67
Male,365151,165316,9343,190456,36
Female,374252,184668,5584,183969,31
BOMET EAST,120901,55801,2712,62366,22
Male,59212,25117,1794,32289,12
Female,61685,30681,918,30076,10
CHEPALUNGU,142990,63753,2130,77100,7
Male,68860,28061,1439,39357,3
Female,74126,35691,691,37740,4
KONOIN,142007,69263,3764,68968,12
Male,72250,35499,2175,34568,8
Female,69754,33763,1589,34398,4
SOTIK,193104,91239,3338,98515,12
Male,94708,42688,2070,49944,6
Female,98392,48549,1268,48569,6
BOMET CENTRAL,140419,69937,2983,67485,14
Male,70121,33951,1865,34298,7
Female,70295,35984,1118,33186,7
KAKAMEGA,1475035,665777,38264,770658,336
Male,703359,300461,23892,378855,151
Female,771648,365305,14372,391786,185
BUTERE,128827,58272,3076,67471,8
Male,61433,26417,2010,33001,5
Female,67392,31854,1066,34469,3
KAKAMEGA CENTRAL,72409,35668,1576,35154,11
Male,35031,17043,1082,16902,4
Female,37377,18625,494,18251,7
KAKAMEGA EAST,143802,66196,5457,71996,153
Male,68753,29897,3393,35398,65
Female,75045,36298,2064,36595,88
KAKAMEGA NORTH,202402,92188,4123,106050,41
Male,97786,42609,2527,52632,18
Female,104611,49578,1596,53414,23
KAKAMEGA SOUTH,98200,44976,2971,50237,16
Male,46419,19999,1966,24445,9
Female,51781,24977,1005,25792,7
KHWISERO,99683,46901,1920,50852,10
Male,46827,20747,1247,24829,4
Female,52854,26153,673,26022,6
LIKUYANI,126091,52953,5588,67537,13
Male,60866,24240,3424,33193,9
Female,65224,28713,2164,34343,4
LUGARI,106758,49764,3232,53755,7
Male,51266,22567,2037,26659,3
Female,55492,27197,1195,27096,4
MATETE,57744,24663,1768,31313,-
Male,27582,11081,993,15508,-
Female,30162,13582,775,15805,-
MATUNGU,144003,62593,3349,78040,21
Male,67660,27510,2014,38125,11
Female,76340,35082,1335,39913,10
MUMIAS EAST,90526,39839,1911,48769,7
Male,43152,17823,1112,24214,3
Female,47371,22015,799,24553,4
MUMIAS WEST,70377,31046,1463,37841,27
Male,33193,13521,895,18766,11
Female,37183,17524,568,19075,16
NAVAKHOLO,134213,60718,1830,71643,22
Male,63391,27007,1192,35183,9
Female,70816,33707,638,36458,13
VIHIGA,471601,225737,12586,233201,77
Male,225938,102736,8164,114997,41
Female,245654,122997,4421,118200,36
EMUHAYA,84340,40405,2332,41586,17
Male,40210,18133,1541,20527,9
Female,44129,22272,790,21059,8
VIHIGA,67475,33540,1312,32614,9
Male,32244,15066,896,16274,8
Female,35229,18472,416,16340,1
SABATIA,96959,48306,2074,46564,15
Male,46239,21850,1330,23054,5
Female,50719,26456,744,23509,10
LUANDA,84004,39804,2874,41299,27
Male,40437,18402,1820,20201,14
Female,43565,21400,1054,21098,13
HAMISI,138807,63668,3993,71137,9
Male,66796,29273,2577,34941,5
Female,72008,34395,1416,36193,4
KAKAMEGA FOREST,16,14,1,1,-
Male,12,12,-,-,-
Female,4,2,1,1,-
BUNGOMA,1281539,558664,30692,692066,117
Male,621083,256536,19278,345205,64
Female,660430,302119,11413,346845,53
BUMULA,187281,82608,4150,100521,2
Male,89237,36793,2535,49907,2
Female,98043,45815,1615,50613,-
BUNGOMA CENTRAL,145615,67310,2707,75594,4
Male,70586,31192,1807,37584,3
Female,75022,36115,899,38007,1
BUNGOMA EAST,82002,35499,1872,44610,21
Male,39655,16084,1144,22416,11
Female,42346,19414,728,22194,10
BUNGOMA NORTH,105163,44799,2611,57740,13
Male,50746,20340,1567,28832,7
Female,54416,24459,1044,28907,6
BUNGOMA SOUTH,190224,80417,6884,102918,5
Male,92065,37543,4261,50258,3
Female,98156,42873,2623,52658,2
CHEPTAIS,111539,48670,2181,60674,14
Male,55577,23190,1349,31029,9
Female,55957,25478,832,29642,5
KIMILILI,92228,37818,3215,51192,3
Male,44445,17252,1951,25241,1
Female,47781,20565,1264,25950,2
MT ELGON,61809,26522,1039,34241,7
Male,30546,12638,704,17200,4
Female,31261,13883,335,17040,3
BUNGOMA WEST,101981,46509,1787,53659,26
Male,49381,21392,1112,26865,12
Female,52599,25117,675,26793,14
TONGAREN,87309,36835,2520,47938,16
Male,42193,16522,1722,23941,8
Female,45115,20313,798,23996,8
WEBUYE WEST,113415,50357,1710,61342,6
Male,55106,22915,1115,31072,4
Female,58307,27442,595,30268,2
MT. ELGON FOREST,2973,1320,16,1637,-
Male,1546,675,11,860,-
Female,1427,645,5,777,-
BUSIA,679568,310725,15422,353378,43
Male,321126,138205,9270,173632,19
Female,358417,172513,6152,179728,24
BUNYALA,64804,29268,1729,33800,7
Male,31007,13456,944,16604,3
Female,33796,15812,785,17195,4
BUSIA,87395,39167,2698,45523,7
Male,41616,17731,1655,22226,4
Female,45778,21436,1043,23296,3
BUTULA,121531,54816,2790,63922,3
Male,55831,23089,1614,31126,2
Female,65697,31725,1176,32795,1
NAMBALE,93894,41875,1993,50018,8
Male,44314,18717,1213,24381,3
Female,49577,23156,780,25636,5
SAMIA,90297,42024,2172,46101,-
Male,42600,18531,1362,22707,-
Female,47683,23491,810,23382,-
TESO NORTH,102718,47747,2017,52950,4
Male,49180,21639,1214,26325,2
Female,53537,26108,803,26624,2
TESO SOUTH,118929,55828,2023,61064,14
Male,56578,25042,1268,30263,5
Female,62349,30785,755,30800,9
SIAYA,795024,380269,18168,396307,280
Male,374905,168216,10358,196192,139
Female,420105,212043,7809,200112,141
SIAYA,167388,81756,3314,82219,99
Male,77979,35537,2053,40342,47
Female,89405,46216,1261,41876,52
GEM,154832,75702,2816,76247,67
Male,73323,33585,1728,37973,37
Female,81506,42116,1087,38273,30
UGENYA,113652,53859,2234,57555,4
Male,52588,22620,1278,28687,3
Female,61061,31236,956,28868,1
UGUNJA,84405,40899,1719,41778,9
Male,39334,17712,948,20669,5
Female,45071,23187,771,21109,4
BONDO,144865,68014,4555,72256,40
Male,70200,32156,2414,35611,19
Female,74663,35857,2141,36644,21
RARIEDA,129882,60039,3530,66252,61
Male,61481,26606,1937,32910,28
Female,68399,33431,1593,33342,33
KISUMU,625384,273120,21664,330458,142
Male,299443,124441,12707,162226,69
Female,325935,148675,8956,168231,73
KISUMU EAST,47373,19928,2598,24838,9
Male,22782,9633,1564,11583,2
Female,24590,10294,1034,13255,7
KISUMU CENTRAL,-,-,-,-,-
Male,-,-,-,-,-
Female,-,-,-,-,-
KISUMU WEST,95785,42625,3978,49166,16
Male,46146,19713,2338,24089,6
Female,49638,22911,1640,25077,10
SEME,106470,47724,2243,56492,11
Male,50090,20710,1405,27970,5
Female,56379,27013,838,28522,6
MUHORONI,124014,56106,3845,64044,19
Male,61148,27062,2293,31781,12
Female,62865,29044,1552,32262,7
NYANDO,125607,53871,4673,67025,38
Male,59848,24326,2700,32802,20
Female,65758,29544,1973,34223,18
NYAKACH,126135,52866,4327,68893,49
Male,59429,22997,2407,34001,24
Female,66705,29869,1919,34892,25
HOMA BAY,875773,377888,22066,475752,67
Male,414023,164507,12290,237194,32
Female,461733,213371,9775,238552,35
HOMA BAY,55479,23858,1062,30559,-
Male,26082,10144,615,15323,-
Female,29397,13714,447,15236,-
NDHIWA,180027,79480,3417,97118,12
Male,84890,34155,2004,48725,6
Female,95131,45322,1412,48391,6
RACHUONYO NORTH,150158,65863,3926,80351,18
Male,71159,28999,2207,39944,9
Female,78995,36860,1719,40407,9
RACHUONYO EAST,105522,45566,2076,57878,2
Male,49596,19294,1254,29047,1
Female,55924,26271,822,28830,1
RACHUONYO SOUTH,96266,42293,2114,51858,1
Male,44976,18017,1234,25724,1
Female,51290,24276,880,26134,-
RANGWE,101323,42651,2645,56012,15
Male,47099,17738,1348,28008,5
Female,54221,24912,1297,28002,10
SUBA NORTH,94937,39782,3979,51171,5
Male,45863,18433,2236,25191,3
Female,49074,21349,1743,25980,2
SUBA SOUTH,92061,38395,2847,50805,14
Male,44358,17727,1392,25232,7
Female,47701,20667,1455,25572,7
MIGORI,807279,344162,23327,439598,192
Male,385415,153458,13291,218579,87
Female,421835,190692,10034,221004,105
AWENDO,86008,37767,1854,46359,28
Male,40846,16536,1169,23128,13
Female,45160,21230,685,23230,15
KURIA EAST,81510,35412,2359,43711,28
Male,39331,15981,1317,22022,11
Female,42172,19428,1042,21685,17
KURIA WEST,137910,59177,4431,74265,37
Male,66594,27102,2468,37011,13
Female,71311,32073,1962,37252,24
NYATIKE,138898,55802,5715,77354,27
Male,65631,24570,3110,37936,15
Female,73260,31229,2605,39414,12
RONGO,89695,37912,2504,49271,8
Male,42505,16568,1460,24475,2
Female,47189,21344,1044,24795,6
SUNA EAST,79824,35163,1761,42875,25
Male,38184,15753,1001,21416,14
Female,41637,19409,760,21457,11
SUNA WEST,72405,30363,2001,40036,5
Male,34297,13355,1269,19670,3
Female,38107,17007,732,20366,2
URIRI,121029,52566,2702,65727,34
Male,58027,23593,1497,32921,16
Female,62999,28972,1204,32805,18
KISII,987143,450445,32299,504275,124
Male,467664,199424,19596,248589,55
Female,519454,251013,12700,255672,69
ETAGO,73492,31267,1735,40485,5
Male,35023,13847,1101,20073,2
Female,38466,17419,634,20410,3
GUCHA,70288,32164,1920,36183,21
Male,32995,14117,1125,17744,9
Female,37292,18046,795,18439,12
GUCHA SOUTH,71413,31728,2360,37293,32
Male,33999,14038,1357,18587,17
Female,37411,17688,1003,18705,15
KENYENYA,107774,48712,3257,55799,6
Male,51150,21585,1995,27567,3
Female,56622,27126,1262,28231,3
KISII CENTRAL,99028,46289,3964,48768,7
Male,47432,21131,2420,23878,3
Female,51595,25158,1544,24889,4
KISII SOUTH,107610,47382,4291,55936,1
Male,51225,21456,2682,27086,1
Female,56380,25926,1608,28846,-
KITUTU CENTRAL,84349,36613,3988,43731,17
Male,40328,16719,2429,21172,8
Female,44021,19894,1559,22559,9
MARANI,95168,45177,2927,47045,19
Male,44453,19248,1755,23442,8
Female,50714,25929,1172,23602,11
MASABA SOUTH,104685,50324,2571,51785,5
Male,49249,21837,1533,25877,2
Female,55433,28485,1038,25907,3
NYAMACHE,113966,53108,3469,57380,9
Male,53830,23111,2093,28625,1
Female,60134,29996,1375,28755,8
SAMETA,59370,27681,1817,29870,2
Male,27980,12335,1106,14538,1
Female,31386,15346,710,15329,1
NYAMIRA,497702,233371,15839,248448,44
Male,237697,105371,9974,122334,18
Female,259994,127997,5865,126106,26
BORABU,58163,27036,2498,28623,6
Male,29228,13417,1474,14335,2
Female,28935,13619,1024,14288,4
MANGA,82435,38833,3172,40419,11
Male,38978,17223,2072,19679,4
Female,43456,21610,1100,20739,7
MASABA NORTH,92815,43211,2590,47007,7
Male,43588,18995,1651,22939,3
Female,49225,24215,939,24067,4
NYAMIRA NORTH,147609,68657,4686,74263,3
Male,70467,30857,2962,36646,2
Female,77137,37799,1724,37613,1
NYAMIRA SOUTH,116680,55634,2893,58136,17
Male,55436,24879,1815,28735,7
Female,61241,30754,1078,29399,10
,170706701,,,,
,170706701,,,,
